-- phpMyAdmin SQL Dump
-- version 5.2.1
-- https://www.phpmyadmin.net/
--
-- Host: 127.0.0.1
-- Generation Time: Jul 10, 2025 at 12:24 PM
-- Server version: 10.4.32-MariaDB
-- PHP Version: 8.2.12

SET SQL_MODE = "NO_AUTO_VALUE_ON_ZERO";
START TRANSACTION;
SET time_zone = "+00:00";


/*!40101 SET @OLD_CHARACTER_SET_CLIENT=@@CHARACTER_SET_CLIENT */;
/*!40101 SET @OLD_CHARACTER_SET_RESULTS=@@CHARACTER_SET_RESULTS */;
/*!40101 SET @OLD_COLLATION_CONNECTION=@@COLLATION_CONNECTION */;
/*!40101 SET NAMES utf8mb4 */;

--
-- Database: `db_myfashion`
--

-- --------------------------------------------------------

--
-- Table structure for table `tb_barang`
--

CREATE TABLE `tb_barang` (
  `id_barang` int(11) NOT NULL,
  `nama_barang` varchar(100) NOT NULL,
  `id_kategori` int(11) DEFAULT NULL,
  `harga` int(11) DEFAULT NULL,
  `stok` int(11) DEFAULT NULL
) ENGINE=InnoDB DEFAULT CHARSET=utf8mb4 COLLATE=utf8mb4_general_ci;

--
-- Dumping data for table `tb_barang`
--

INSERT INTO `tb_barang` (`id_barang`, `nama_barang`, `id_kategori`, `harga`, `stok`) VALUES
(1, 'Kaos Polos', 1, 50000, 20),
(2, 'Kemeja Lengan Panjang', 2, 75000, 15),
(3, 'Jaket Hoodie', 3, 120000, 10),
(4, 'Celana Cargo', 4, 130000, 25);

-- --------------------------------------------------------

--
-- Table structure for table `tb_detail_transaksi`
--

CREATE TABLE `tb_detail_transaksi` (
  `id_detail` int(11) NOT NULL,
  `id_transaksi` int(11) DEFAULT NULL,
  `id_barang` int(11) DEFAULT NULL,
  `qty` int(11) DEFAULT NULL,
  `subtotal` int(11) DEFAULT NULL
) ENGINE=InnoDB DEFAULT CHARSET=utf8mb4 COLLATE=utf8mb4_general_ci;

--
-- Dumping data for table `tb_detail_transaksi`
--

INSERT INTO `tb_detail_transaksi` (`id_detail`, `id_transaksi`, `id_barang`, `qty`, `subtotal`) VALUES
(1, 1, 3, 1, 120000),
(2, 2, 1, 1, 50000);

-- --------------------------------------------------------

--
-- Table structure for table `tb_kategori`
--

CREATE TABLE `tb_kategori` (
  `id_kategori` int(11) NOT NULL,
  `nama_kategori` varchar(100) NOT NULL
) ENGINE=InnoDB DEFAULT CHARSET=utf8mb4 COLLATE=utf8mb4_general_ci;

--
-- Dumping data for table `tb_kategori`
--

INSERT INTO `tb_kategori` (`id_kategori`, `nama_kategori`) VALUES
(1, 'Kaos'),
(2, 'Kemeja'),
(3, 'Jaket'),
(4, 'Celana');

-- --------------------------------------------------------

--
-- Table structure for table `tb_member`
--

CREATE TABLE `tb_member` (
  `id_member` int(11) NOT NULL,
  `nama_member` varchar(100) DEFAULT NULL,
  `no_hp` varchar(20) DEFAULT NULL,
  `aktif` tinyint(1) DEFAULT 1
) ENGINE=InnoDB DEFAULT CHARSET=utf8mb4 COLLATE=utf8mb4_general_ci;

--
-- Dumping data for table `tb_member`
--

INSERT INTO `tb_member` (`id_member`, `nama_member`, `no_hp`, `aktif`) VALUES
(1, 'Syahputra', '08123456789', 1);

-- --------------------------------------------------------

--
-- Table structure for table `tb_pegawai`
--

CREATE TABLE `tb_pegawai` (
  `id_pegawai` int(11) NOT NULL,
  `nama_pegawai` varchar(100) DEFAULT NULL,
  `jabatan` varchar(50) DEFAULT NULL
) ENGINE=InnoDB DEFAULT CHARSET=utf8mb4 COLLATE=utf8mb4_general_ci;

--
-- Dumping data for table `tb_pegawai`
--

INSERT INTO `tb_pegawai` (`id_pegawai`, `nama_pegawai`, `jabatan`) VALUES
(1, 'Andrean', 'Owner'),
(2, 'Faizal', 'Kasir'),
(3, 'Alvin', 'Gudang'),
(4, 'Rehan', 'Admin');

-- --------------------------------------------------------

--
-- Table structure for table `tb_transaksi`
--

CREATE TABLE `tb_transaksi` (
  `id_transaksi` int(11) NOT NULL,
  `tanggal` date DEFAULT NULL,
  `total` int(11) DEFAULT NULL,
  `metode_pembayaran` enum('Cash','Debit','QRIS') DEFAULT NULL,
  `id_user` int(11) DEFAULT NULL,
  `id_member` int(11) DEFAULT NULL
) ENGINE=InnoDB DEFAULT CHARSET=utf8mb4 COLLATE=utf8mb4_general_ci;

--
-- Dumping data for table `tb_transaksi`
--

INSERT INTO `tb_transaksi` (`id_transaksi`, `tanggal`, `total`, `metode_pembayaran`, `id_user`, `id_member`) VALUES
(1, '2025-07-10', 120000, '', 1, 1),
(2, '2025-07-10', 50000, 'Debit', 1, 1);

-- --------------------------------------------------------

--
-- Table structure for table `tb_user`
--

CREATE TABLE `tb_user` (
  `id_user` int(11) NOT NULL,
  `username` varchar(50) NOT NULL,
  `password` varchar(100) NOT NULL,
  `level` enum('admin','kasir') DEFAULT 'kasir'
) ENGINE=InnoDB DEFAULT CHARSET=utf8mb4 COLLATE=utf8mb4_general_ci;

--
-- Dumping data for table `tb_user`
--

INSERT INTO `tb_user` (`id_user`, `username`, `password`, `level`) VALUES
(1, 'admin', 'admin123', 'admin'),
(2, 'kasir', 'kasir123', 'kasir');

--
-- Indexes for dumped tables
--

--
-- Indexes for table `tb_barang`
--
ALTER TABLE `tb_barang`
  ADD PRIMARY KEY (`id_barang`),
  ADD KEY `id_kategori` (`id_kategori`);

--
-- Indexes for table `tb_detail_transaksi`
--
ALTER TABLE `tb_detail_transaksi`
  ADD PRIMARY KEY (`id_detail`),
  ADD KEY `id_transaksi` (`id_transaksi`),
  ADD KEY `id_barang` (`id_barang`);

--
-- Indexes for table `tb_kategori`
--
ALTER TABLE `tb_kategori`
  ADD PRIMARY KEY (`id_kategori`);

--
-- Indexes for table `tb_member`
--
ALTER TABLE `tb_member`
  ADD PRIMARY KEY (`id_member`);

--
-- Indexes for table `tb_pegawai`
--
ALTER TABLE `tb_pegawai`
  ADD PRIMARY KEY (`id_pegawai`);

--
-- Indexes for table `tb_transaksi`
--
ALTER TABLE `tb_transaksi`
  ADD PRIMARY KEY (`id_transaksi`),
  ADD KEY `id_user` (`id_user`),
  ADD KEY `id_member` (`id_member`);

--
-- Indexes for table `tb_user`
--
ALTER TABLE `tb_user`
  ADD PRIMARY KEY (`id_user`);

--
-- AUTO_INCREMENT for dumped tables
--

--
-- AUTO_INCREMENT for table `tb_barang`
--
ALTER TABLE `tb_barang`
  MODIFY `id_barang` int(11) NOT NULL AUTO_INCREMENT, AUTO_INCREMENT=5;

--
-- AUTO_INCREMENT for table `tb_detail_transaksi`
--
ALTER TABLE `tb_detail_transaksi`
  MODIFY `id_detail` int(11) NOT NULL AUTO_INCREMENT, AUTO_INCREMENT=3;

--
-- AUTO_INCREMENT for table `tb_kategori`
--
ALTER TABLE `tb_kategori`
  MODIFY `id_kategori` int(11) NOT NULL AUTO_INCREMENT, AUTO_INCREMENT=5;

--
-- AUTO_INCREMENT for table `tb_member`
--
ALTER TABLE `tb_member`
  MODIFY `id_member` int(11) NOT NULL AUTO_INCREMENT, AUTO_INCREMENT=2;

--
-- AUTO_INCREMENT for table `tb_pegawai`
--
ALTER TABLE `tb_pegawai`
  MODIFY `id_pegawai` int(11) NOT NULL AUTO_INCREMENT, AUTO_INCREMENT=5;

--
-- AUTO_INCREMENT for table `tb_transaksi`
--
ALTER TABLE `tb_transaksi`
  MODIFY `id_transaksi` int(11) NOT NULL AUTO_INCREMENT, AUTO_INCREMENT=3;

--
-- AUTO_INCREMENT for table `tb_user`
--
ALTER TABLE `tb_user`
  MODIFY `id_user` int(11) NOT NULL AUTO_INCREMENT, AUTO_INCREMENT=3;

--
-- Constraints for dumped tables
--

--
-- Constraints for table `tb_barang`
--
ALTER TABLE `tb_barang`
  ADD CONSTRAINT `tb_barang_ibfk_1` FOREIGN KEY (`id_kategori`) REFERENCES `tb_kategori` (`id_kategori`);

--
-- Constraints for table `tb_detail_transaksi`
--
ALTER TABLE `tb_detail_transaksi`
  ADD CONSTRAINT `tb_detail_transaksi_ibfk_1` FOREIGN KEY (`id_transaksi`) REFERENCES `tb_transaksi` (`id_transaksi`),
  ADD CONSTRAINT `tb_detail_transaksi_ibfk_2` FOREIGN KEY (`id_barang`) REFERENCES `tb_barang` (`id_barang`);

--
-- Constraints for table `tb_transaksi`
--
ALTER TABLE `tb_transaksi`
  ADD CONSTRAINT `tb_transaksi_ibfk_1` FOREIGN KEY (`id_user`) REFERENCES `tb_user` (`id_user`),
  ADD CONSTRAINT `tb_transaksi_ibfk_2` FOREIGN KEY (`id_member`) REFERENCES `tb_member` (`id_member`);
COMMIT;

/*!40101 SET CHARACTER_SET_CLIENT=@OLD_CHARACTER_SET_CLIENT */;
/*!40101 SET CHARACTER_SET_RESULTS=@OLD_CHARACTER_SET_RESULTS */;
/*!40101 SET COLLATION_CONNECTION=@OLD_COLLATION_CONNECTION */;
